id,name,age,price,status,date,score
1,Dave_1,19,742.1,active,4/24/2024,14
2,Dave_2,61,741.22,pending,2/14/2024,59
3,Bob_3,19,98.13,active,9/15/2024,60.2
4,Sybil_4,30,716.72,pending,10/6/2024,42
5,Olivia_5,55,281.52,active,3/22/2024,69.8
6,Karl_6,35,159.55,inactive,2/22/2024,9.3
7,Dave_7,,847.41,pending,5/15/2024,80.7
8,Olivia_8,52,129.08,inactive,2/10/2024,55.2
9,Victor_9,74,861.54,pending,4/8/2024,70.5
10,Bob_10,60,231.53,inactive,2/10/2024,85.5
11,Dave_11,42,281.31,pending,7/5/2024,16.3
12,Laura_12,31,671.15,pending,12/15/2024,64.8
13,Victor_13,58,175.11,pending,5/5/2024,16.3
14,Mallory_14,35,988.59,pending,12/18/2024,55.7
15,Karl_15,71,N/A,active,4/27/2024,82.2
16,Karl_16,43,271.13,active,10/17/2024,87.6
17,Karl_17,31,656.51,inactive,11/25/2024,45.9
18,Ivan_18,26,250.15,pending,10/2/2024,26.3
19,Trent_19,45,897.44,inactive,7/4/2024,21.9
20,Eve_20,50,495.55,active,2/26/2024,15.3
21,Frank_21,68,681.4,pending,2/2/2024,38.5
22,Victor_22,47,530.94,pending,1/6/2024,68
23,Dave_23,,884.48,inactive,11/24/2024,34
24,Judy_24,45,162.21,active,5/14/2024,97.2
25,Frank_25,50,912.15,pending,6/1/2024,84.2
26,Rupert_26,56,202.72,inactive,3/23/2024,53.9
27,Rupert_27,76,5.57,inactive,9/7/2024,1.9
28,Laura_28,74,984.41,inactive,5/2/2024,5.8
29,Trent_29,78,83.28,pending,9/5/2024,81.6
30,Sybil_30,67,130.01,pending,8/31/2024,94.7
31,Frank_31,34,529.51,pending,8/4/2024,96.4
32,Sybil_32,66,730.55,active,6/8/2024,39.9
33,Laura_33,46,899.22,inactive,3/2/2024,24.8
34,Carol_34,39,25.91,pending,4/27/2024,58.8
35,Alice_35,22,708.59,active,4/27/2024,6.7
36,Bob_36,73,333.45,pending,5/1/2024,27.8
37,Peggy_37,31,541,pending,10/19/2024,57.6
38,Heidi_38,68,475.14,inactive,4/7/2024,9.4
39,Niaj_39,40,426.04,inactive,1/28/2024,67.3
40,Dave_40,21,405.21,inactive,2/25/2024,24.9
41,Grace_41,52,450.92,inactive,4/3/2024,27.9
42,Heidi_42,73,922.73,inactive,10/8/2024,9.8
43,Sybil_43,71,19.67,active,5/1/2024,16.6
44,Peggy_44,48,217.46,inactive,1/31/2024,16.5
45,Alice_45,,268.61,inactive,5/26/2024,42.3
46,Sybil_46,60,719.1,active,4/7/2024,29.7
47,Bob_47,55,736.32,active,6/9/2024,5.7
48,Trent_48,48,504.83,pending,3/21/2024,5.7
49,Rupert_49,23,851.23,active,10/31/2024,6.8
50,Heidi_50,43,124.17,pending,5/6/2024,57.9
51,Bob_51,57,86.49,pending,10/25/2024,56.5
52,Karl_52,77,264.2,pending,6/9/2024,23.9
53,Mallory_53,26,672.66,inactive,8/22/2024,31.6
54,Carol_54,18,460.54,pending,2/21/2024,7.3
55,Grace_55,50,268.61,unknown,2/5/2024,87.9
56,Laura_56,36,161.8,pending,12/26/2024,30.3
57,Rupert_57,18,668.86,pending,6/2/2024,93.2
58,Dave_58,78,877.86,inactive,2/29/2024,89
59,Sybil_59,27,275.71,pending,4/17/2024,71.8
60,Grace_60,61,635.43,inactive,9/15/2024,48.9
61,Bob_61,23,635.48,inactive,1/23/2024,0.4
62,Eve_62,58,978.92,active,8/14/2024,55.2
63,Niaj_63,53,14.61,active,12/19/2024,90.4
64,Sybil_64,20,834.59,pending,10/9/2024,14.8
65,Eve_65,20,311.41,active,7/2/2024,21
66,Heidi_66,60,107.18,pending,7/27/2024,97.4
67,Eve_67,77,929.3,active,3/31/2024,88.1
68,Alice_68,29,737.15,inactive,7/29/2024,80.2
69,Heidi_69,35,163.24,pending,2/25/2024,38.3
70,Bob_70,72,472.87,active,8/23/2024,35
71,Heidi_71,32,28.52,active,7/23/2024,32.8
72,Carol_72,79,773.69,inactive,11/24/2024,50.9
73,Sybil_73,39,938.6,active,5/13/2024,17.9
74,Ivan_74,20,112.75,inactive,6/25/2024,72.9
75,Karl_75,45,607.57,pending,2/29/2024,38.5
76,Trent_76,30,258.19,pending,8/11/2024,0.2
77,Sybil_77,61,720.11,pending,12/9/2024,19.7
78,Niaj_78,22,N/A,inactive,11/15/2024,31.4
79,Dave_79,64,899.65,pending,6/7/2024,66.7
80,Karl_80,43,698.03,pending,3/6/2024,19.2
81,Mallory_81,61,748.65,active,11/11/2024,56.9
82,Mallory_82,53,833.72,inactive,5/26/2024,21
83,Trent_83,56,655.78,inactive,8/14/2024,44.2
84,Grace_84,50,475.35,pending,3/27/2024,65.9
85,Judy_85,50,664.87,pending,6/20/2024,9.3
86,Heidi_86,61,313.56,active,3/16/2024,2.4
87,Heidi_87,80,477.29,active,8/21/2024,41.4
88,Trent_88,,719.04,inactive,9/10/2024,40
89,Eve_89,59,688.5,active,8/5/2024,21.9
90,Rupert_90,47,54.92,active,3/3/2024,45.6
91,Olivia_91,60,532.95,pending,10/31/2024,31.7
92,Olivia_92,57,815.12,pending,8/6/2024,83.1
93,Sybil_93,46,896.82,pending,8/31/2024,45
94,Heidi_94,71,638.84,pending,9/5/2024,62.7
95,Ivan_95,46,82.02,inactive,4/30/2024,27.2
96,Karl_96,75,541.91,active,3/18/2024,23.1
97,Eve_97,63,217.67,inactive,7/27/2024,33.1
98,Olivia_98,44,66.89,inactive,7/18/2024,90.5
99,Trent_99,78,696.35,pending,7/13/2024,47.7
100,Laura_100,37,753.95,inactive,10/2/2024,74.8
100,Laura_100,37,753.95,inactive,10/2/2024,74.8
101,Sybil_101,69,604.63,active,9/6/2024,21.9
102,Niaj_102,,33.85,inactive,12/8/2024,67.9
103,Mallory_103,64,169.05,inactive,3/6/2024,98.1
104,Sybil_104,19,906.49,pending,10/15/2024,66.3
105,Carol_105,59,431.04,inactive,4/3/2024,5
106,Mallory_106,38,215.39,inactive,6/21/2024,76.1
107,Mallory_107,35,752.5,inactive,5/9/2024,83.5
108,Peggy_108,19,749.53,active,6/28/2024,22.4
109,Carol_109,67,956.54,active,1/16/2024,95
110,Grace_110,71,25.26,active,5/2/2024,12.6
111,Dave_111,54,947.07,inactive,12/24/2024,25.6
112,Laura_112,28,607.26,pending,2/28/2024,77.8
113,Frank_113,79,314.17,pending,1/14/2024,92.9
114,Trent_114,61,907.58,inactive,7/22/2024,94.1
115,Grace_115,22,593.55,pending,5/4/2024,10.2
116,Judy_116,72,685.15,active,10/16/2024,78.3
117,Laura_117,52,430.81,inactive,2/5/2024,50.6
118,Karl_118,18,849.48,inactive,2/24/2024,43.4
119,Laura_119,58,891.23,inactive,12/28/2024,15.3
120,Frank_120,64,523.62,pending,5/18/2024,61.6
121,Sybil_121,67,485.6,inactive,10/30/2024,26.8
122,Heidi_122,71,934.01,inactive,8/18/2024,24.4
123,Olivia_123,54,611.67,inactive,6/21/2024,2.9
124,Karl_124,29,489.62,inactive,5/12/2024,34
125,Victor_125,62,879.83,pending,1/6/2024,51.7
126,Grace_126,23,244.91,inactive,9/7/2024,55.5
127,Heidi_127,62,478.24,pending,9/8/2024,44.8
128,Alice_128,23,297.47,inactive,12/20/2024,24.3
129,Trent_129,41,475.42,pending,6/25/2024,42.6
130,Sybil_130,39,354.7,inactive,5/18/2024,30.7
131,Heidi_131,25,721.96,inactive,3/2/2024,74.3
132,Frank_132,30,220.09,inactive,5/21/2024,72.5
133,Rupert_133,56,286.3,active,4/9/2024,29.6
134,Laura_134,29,305.45,pending,9/30/2024,12.7
135,Bob_135,80,59.2,inactive,12/23/2024,94.4
136,Peggy_136,24,872.48,pending,5/25/2024,46.9
137,Olivia_137,39,188.26,active,5/9/2024,94.1
138,Peggy_138,25,822.18,inactive,9/8/2024,7.4
139,Bob_139,27,153.3,pending,6/4/2024,8.5
140,Heidi_140,25,559.72,inactive,11/6/2024,59.6
141,Victor_141,32,776.04,inactive,8/18/2024,90.9
142,Judy_142,73,589.99,inactive,6/5/2024,56.9
143,Bob_143,57,959.35,active,4/16/2024,62.6
144,Ivan_144,60,85.7,active,3/29/2024,55.2
145,Frank_145,18,411.07,pending,10/31/2024,47
146,Bob_146,32,291.38,inactive,12/25/2024,86
147,Carol_147,61,237.02,inactive,11/16/2024,59
148,Grace_148,45,119.09,active,11/27/2024,14.9
149,Ivan_149,70,146.38,active,3/25/2024,79.3
150,Victor_150,65,824.29,inactive,8/12/2024,12.4
151,Judy_151,62,405.09,inactive,9/13/2024,54
152,Olivia_152,23,599.45,inactive,6/14/2024,60.4
153,Alice_153,23,232.55,pending,10/21/2024,58.7
154,Alice_154,66,673.25,inactive,10/22/2024,4
155,Frank_155,48,520.85,inactive,5/22/2024,18.1
156,Trent_156,45,635.98,inactive,2/16/2024,47
157,Niaj_157,39,324.13,active,3/23/2024,33
158,Peggy_158,36,663.61,inactive,10/8/2024,3.7
159,Carol_159,38,255.88,active,7/25/2024,86.5
160,Alice_160,60,869.15,inactive,7/30/2024,5.4
161,Rupert_161,41,623.9,inactive,11/16/2024,44.2
162,Bob_162,31,270.45,active,5/27/2024,43.8
163,Peggy_163,25,33.7,pending,11/7/2024,79.9
164,Frank_164,37,552.53,pending,7/27/2024,9.3
165,Dave_165,47,946.38,pending,3/19/2024,49.8
166,Judy_166,50,706.18,inactive,9/4/2024,98
167,Heidi_167,,552.96,inactive,4/7/2024,92.2
168,Rupert_168,65,879.05,active,5/21/2024,77.3
169,Niaj_169,39,933.64,pending,5/16/2024,82.1
170,Judy_170,64,301.76,pending,10/23/2024,99.9
171,Peggy_171,73,152.7,pending,9/4/2024,34.5
172,Sybil_172,66,545.17,inactive,6/13/2024,87
173,Heidi_173,54,385.67,inactive,1/23/2024,31.8
174,Peggy_174,63,912.95,inactive,7/16/2024,98.8
175,Eve_175,49,964.04,active,9/14/2024,96.5
176,Karl_176,73,104.76,inactive,2/21/2024,52.6
177,Olivia_177,18,723.11,inactive,12/1/2024,97
178,Carol_178,48,781.84,inactive,6/22/2024,62.3
179,Mallory_179,59,84.83,inactive,12/11/2024,85.9
180,Mallory_180,79,319.76,pending,9/6/2024,87.2
181,Bob_181,57,73.01,pending,12/16/2024,92.1
182,Heidi_182,65,94.84,active,11/20/2024,70.4
183,Dave_183,46,170.37,inactive,1/15/2024,4.6
184,Bob_184,36,361.31,inactive,3/15/2024,24.4
185,Niaj_185,54,682.71,active,3/28/2024,17.5
186,Victor_186,73,385.25,pending,5/3/2024,49.8
187,Trent_187,27,235.8,pending,5/10/2024,46
188,Alice_188,75,804.81,inactive,12/12/2024,54.7
189,Carol_189,46,944.56,pending,6/2/2024,63.9
190,Niaj_190,62,253.6,inactive,4/11/2024,99.9
191,Peggy_191,24,240.78,pending,7/2/2024,57.5
192,Judy_192,19,977.08,pending,7/21/2024,27.4
193,Trent_193,73,686.68,pending,1/26/2024,91.1
194,Peggy_194,71,903.73,inactive,4/27/2024,60.7
195,Laura_195,32,637.8,pending,5/8/2024,67.8
196,Eve_196,58,101.58,pending,11/26/2024,3.9
197,Olivia_197,20,581.1,pending,3/8/2024,9
198,Judy_198,38,748,active,4/12/2024,13.2
199,Sybil_199,74,970.66,unknown,9/13/2024,91.3
200,Frank_200,34,913.56,inactive,5/31/2024,74.7
200,Frank_200,34,913.56,inactive,5/31/2024,74.7
201,Karl_201,,119.48,active,3/13/2024,75.4
202,Heidi_202,73,677.27,pending,7/22/2024,96.7
203,Sybil_203,41,94.76,inactive,1/8/2024,26.4
204,Dave_204,47,371.37,pending,12/10/2024,26.2
205,Mallory_205,70,639.72,inactive,2/25/2024,67.5
206,Peggy_206,19,620.83,pending,6/16/2024,91.5
207,Heidi_207,59,67.84,inactive,12/24/2024,30.2
208,Niaj_208,25,143.94,active,6/4/2024,99.6
209,Dave_209,24,238.39,pending,3/10/2024,38.9
210,Laura_210,60,948.68,pending,10/3/2024,41.9
211,Eve_211,74,417.4,active,9/7/2024,61.6
212,Ivan_212,20,691.14,active,8/15/2024,44.5
213,Heidi_213,72,365.51,pending,7/7/2024,54.4
214,Laura_214,21,400.75,active,3/3/2024,94.9
215,Olivia_215,23,663.79,pending,11/23/2024,59.7
216,Alice_216,21,787.07,active,3/5/2024,78.7
217,Grace_217,22,829.84,pending,4/16/2024,58.6
218,Heidi_218,39,774.72,pending,1/2/2024,27.7
219,Eve_219,26,541.97,active,2/26/2024,66.1
220,Alice_220,26,19.77,active,10/28/2024,32.4
221,Frank_221,34,57.08,pending,8/3/2024,52.6
222,Carol_222,48,450.59,inactive,9/19/2024,59.4
223,Olivia_223,50,225.22,pending,1/23/2024,72.7
224,Rupert_224,37,460.29,active,2/1/2024,99.9
225,Mallory_225,45,686.98,inactive,12/30/2024,91
226,Carol_226,75,85.31,pending,3/16/2024,6.6
227,Ivan_227,57,634.28,pending,12/30/2024,32.5
228,Victor_228,51,298.13,pending,11/5/2024,43
229,Dave_229,72,655.78,pending,4/20/2024,43
230,Heidi_230,44,341.9,inactive,7/23/2024,41.6
231,Dave_231,38,429.2,pending,5/10/2024,37.4
232,Eve_232,61,922.45,active,2/16/2024,83.2
233,Carol_233,45,100.99,pending,7/9/2024,81.2
234,Sybil_234,21,N/A,pending,10/14/2024,33
235,Dave_235,44,356.48,pending,8/4/2024,86.8
236,Bob_236,79,290.9,inactive,6/29/2024,10.4
237,Rupert_237,31,158.8,inactive,4/24/2024,84.7
238,Laura_238,72,557.93,active,5/22/2024,57.4
239,Niaj_239,72,562.6,pending,11/10/2024,67.5
240,Sybil_240,19,610.34,pending,12/21/2024,26.7
241,Frank_241,35,703.48,inactive,6/22/2024,35.1
242,Frank_242,73,147.39,pending,7/24/2024,7
243,Alice_243,23,746.64,active,7/11/2024,42
244,Karl_244,28,372.83,pending,6/15/2024,77.7
245,Trent_245,56,89.45,active,3/20/2024,15.7
246,Victor_246,21,674.92,inactive,8/14/2024,66.2
247,Peggy_247,56,444.39,inactive,4/20/2024,75.5
248,Dave_248,40,432.33,inactive,12/13/2024,67.8
249,Peggy_249,51,668.13,active,4/22/2024,39.5
250,Victor_250,21,12.64,inactive,4/18/2024,76.7
251,Ivan_251,36,331.15,active,9/11/2024,74.7
252,Frank_252,26,382.93,pending,4/27/2024,50
253,Laura_253,22,399.69,pending,1/22/2024,43.6
254,Olivia_254,76,82.4,inactive,10/21/2024,42.9
255,Mallory_255,63,641.3,inactive,2/28/2024,40.5
256,Karl_256,28,801.51,pending,8/23/2024,83.2
257,Laura_257,23,439.09,active,5/4/2024,43.6
258,Mallory_258,51,83.18,inactive,6/22/2024,22.2
259,Frank_259,22,512.42,active,9/28/2024,51
260,Laura_260,40,728.01,pending,3/16/2024,23.6
261,Eve_261,34,201.09,pending,3/19/2024,76
262,Carol_262,29,950.58,pending,9/9/2024,46.4
263,Trent_263,66,580.99,pending,10/16/2024,64.3
264,Victor_264,38,864.06,pending,6/10/2024,15.1
265,Carol_265,48,444.55,inactive,5/20/2024,59.1
266,Laura_266,50,78.75,inactive,8/19/2024,3.8
267,Laura_267,71,290.35,pending,2/16/2024,61.5
268,Rupert_268,42,464.94,pending,1/22/2024,45
269,Trent_269,59,192.11,pending,8/31/2024,50.1
270,Bob_270,46,107.88,inactive,2/13/2024,50.5
271,Frank_271,20,251.26,inactive,8/12/2024,52.4
272,Victor_272,28,366.71,inactive,7/17/2024,40.9
273,Karl_273,61,599.3,pending,11/27/2024,33.5
274,Karl_274,24,559.62,inactive,5/25/2024,25.2
275,Victor_275,73,154.47,active,10/25/2024,66.4
276,Laura_276,37,966.89,pending,12/5/2024,39.2
277,Victor_277,63,937.37,inactive,10/13/2024,37.7
278,Karl_278,70,132.03,pending,12/16/2024,91.2
279,Carol_279,59,671.43,pending,7/4/2024,1.8
280,Judy_280,29,950.46,inactive,9/5/2024,19.2
281,Eve_281,27,81.7,active,9/16/2024,77.1
282,Rupert_282,20,662.96,pending,3/8/2024,59.7
283,Eve_283,28,184.76,pending,11/15/2024,80.9
284,Frank_284,64,440.05,inactive,7/5/2024,67.6
285,Heidi_285,80,446.53,inactive,8/17/2024,23.4
286,Heidi_286,37,964.8,inactive,4/9/2024,36.8
287,Trent_287,46,463.91,inactive,7/14/2024,50.3
288,Niaj_288,79,166.09,active,11/5/2024,13.8
289,Ivan_289,,642.33,inactive,10/10/2024,93.4
290,Rupert_290,72,128.93,active,3/23/2024,27.3
291,Rupert_291,27,831.06,active,4/23/2024,81.7
292,Laura_292,77,31.51,active,7/21/2024,50.2
293,Heidi_293,42,993.56,inactive,4/24/2024,2.8
294,Dave_294,71,715.42,inactive,3/15/2024,13.8
295,Judy_295,76,829.78,pending,3/12/2024,75.9
296,Peggy_296,46,616.66,active,1/10/2024,25.6
297,Eve_297,53,939.58,pending,9/27/2024,42.3
298,Judy_298,33,304.34,active,5/2/2024,42
299,Victor_299,47,67.43,inactive,11/1/2024,53.6
300,Rupert_300,54,245.49,active,5/29/2024,42.9
300,Rupert_300,54,245.49,active,5/29/2024,42.9
301,Victor_301,40,244.12,inactive,4/5/2024,66.4
302,Carol_302,51,973.81,active,9/26/2024,54.4
303,Rupert_303,53,25.21,inactive,1/23/2024,63.6
304,Laura_304,34,747.83,inactive,2/4/2024,34.5
305,Dave_305,67,583.41,inactive,3/9/2024,4.4
306,Sybil_306,39,813.63,active,12/16/2024,46.5
307,Peggy_307,58,186.18,active,2/2/2024,71.6
308,Olivia_308,20,296.68,active,4/12/2024,88.6
309,Karl_309,77,313.22,inactive,10/5/2024,47.3
310,Bob_310,,648.02,inactive,7/1/2024,86.2
311,Bob_311,73,656.8,inactive,3/4/2024,79.9
312,Niaj_312,74,402.62,inactive,7/16/2024,33.9
313,Frank_313,49,692.92,inactive,9/22/2024,26.7
314,Carol_314,64,426.95,inactive,11/4/2024,99.5
315,Frank_315,52,297,active,2/10/2024,32.8
316,Judy_316,37,448.24,pending,8/6/2024,16.7
317,Olivia_317,40,449.45,pending,6/29/2024,61.5
318,Niaj_318,35,640.63,active,2/8/2024,67.1
319,Mallory_319,41,515.01,pending,12/13/2024,16
320,Alice_320,27,848.58,pending,8/12/2024,3.5
321,Carol_321,33,778.84,inactive,7/4/2024,38.3
322,Trent_322,20,606.46,pending,8/18/2024,94.9
323,Laura_323,46,763.51,pending,3/11/2024,52.9
324,Mallory_324,38,650.66,active,2/28/2024,2.6
325,Frank_325,49,519.64,pending,3/1/2024,26.2
326,Ivan_326,63,448.6,pending,5/26/2024,69.4
327,Peggy_327,30,126.9,active,8/19/2024,17.3
328,Olivia_328,23,810.65,inactive,12/7/2024,34.7
329,Carol_329,53,543.92,inactive,3/21/2024,71.2
330,Frank_330,68,364.32,active,3/3/2024,98.5
331,Eve_331,33,790.63,active,7/3/2024,55.4
332,Laura_332,47,803.84,pending,3/7/2024,61.2
333,Carol_333,22,312.43,pending,9/2/2024,52.6
334,Niaj_334,70,576.45,active,6/11/2024,64.2
335,Olivia_335,47,681.03,inactive,3/6/2024,87.8
336,Sybil_336,58,589.26,active,8/9/2024,50.3
337,Bob_337,71,128.42,active,6/4/2024,16.5
338,Karl_338,77,710.08,inactive,9/22/2024,89.5
339,Carol_339,34,200.12,pending,5/20/2024,12.5
340,Judy_340,57,535.28,pending,11/24/2024,16.9
341,Trent_341,27,175.17,pending,11/5/2024,33.8
342,Trent_342,20,825.28,active,2/11/2024,4.5
343,Trent_343,34,652.22,pending,8/1/2024,61.8
344,Alice_344,49,888.66,pending,5/28/2024,64.2
345,Judy_345,48,248.41,pending,7/26/2024,29.7
346,Carol_346,62,64.55,inactive,7/31/2024,48.4
347,Grace_347,39,608.02,inactive,6/12/2024,73.4
348,Laura_348,80,401.32,inactive,9/20/2024,56.2
349,Karl_349,33,468.67,inactive,8/18/2024,24.8
350,Dave_350,21,293.47,inactive,11/11/2024,
351,Frank_351,70,330.47,pending,6/9/2024,
352,Frank_352,49,994.99,inactive,9/12/2024,
353,Peggy_353,19,94.51,inactive,9/15/2024,
354,Heidi_354,31,584.84,active,1/26/2024,
355,Victor_355,74,842.79,pending,8/28/2024,
356,Alice_356,72,111.85,active,5/15/2024,
357,Mallory_357,41,49.97,active,10/18/2024,
358,Laura_358,53,291.87,inactive,9/15/2024,
359,Sybil_359,35,825.36,pending,12/14/2024,
360,Eve_360,80,101.1,inactive,6/22/2024,
361,Laura_361,66,148.4,pending,9/17/2024,
362,Bob_362,20,43.68,pending,6/19/2024,
363,Rupert_363,47,153.05,pending,3/12/2024,
364,Victor_364,38,166.53,pending,6/2/2024,
365,Rupert_365,71,511.66,inactive,12/28/2024,
366,Peggy_366,70,21.54,inactive,12/10/2024,
367,Niaj_367,55,310.83,pending,12/18/2024,
368,Victor_368,48,268.94,pending,10/23/2024,
369,Bob_369,55,482.57,pending,11/18/2024,
370,Mallory_370,27,821.73,active,1/17/2024,
371,Dave_371,30,23.82,inactive,8/2/2024,
372,Grace_372,44,503.81,pending,8/29/2024,
373,Bob_373,63,142.25,active,10/14/2024,
374,Peggy_374,51,379.56,active,8/23/2024,
375,Karl_375,52,357.16,pending,12/14/2024,
376,Ivan_376,57,486.28,active,5/22/2024,
377,Heidi_377,78,972.07,inactive,5/27/2024,
378,Peggy_378,38,481.92,pending,5/20/2024,
379,Trent_379,61,544.93,inactive,6/25/2024,
380,Eve_380,36,46.81,pending,2/10/2024,
381,Olivia_381,59,259.91,inactive,4/19/2024,
382,Sybil_382,35,932.43,pending,5/19/2024,
383,Victor_383,65,588.31,active,1/26/2024,
384,Rupert_384,32,639.12,active,2/21/2024,
385,Peggy_385,24,682.1,active,1/3/2024,
386,Frank_386,44,653.98,inactive,9/1/2024,
387,Judy_387,38,288.7,active,2/15/2024,
388,Heidi_388,52,739.25,active,3/30/2024,
389,Frank_389,77,919.12,inactive,9/10/2024,
390,Judy_390,74,42.24,inactive,10/17/2024,
391,Karl_391,36,456.62,pending,10/5/2024,
392,Eve_392,72,506.19,inactive,4/8/2024,
393,Karl_393,28,731.73,pending,5/11/2024,
394,Alice_394,65,340.09,inactive,10/17/2024,
395,Grace_395,29,612.29,pending,7/26/2024,
396,Rupert_396,38,91.22,pending,2/18/2024,
397,Eve_397,48,326.66,active,1/4/2024,
398,Heidi_398,46,754.23,inactive,6/3/2024,
399,Trent_399,18,264.98,inactive,12/20/2024,
400,Dave_400,47,309.97,inactive,12/17/2024,
400,Dave_400,47,309.97,inactive,12/17/2024,
401,Judy_401,62,121.71,inactive,7/7/2024,
402,Heidi_402,79,137.77,active,8/20/2024,
403,Victor_403,41,418.35,pending,8/29/2024,
404,Grace_404,66,250.98,pending,2/11/2024,
405,Rupert_405,63,364.61,pending,2/27/2024,
406,Sybil_406,75,507.45,pending,10/1/2024,
407,Karl_407,72,522.22,active,12/14/2024,
408,Trent_408,49,95.4,pending,8/16/2024,
409,Olivia_409,26,515.17,inactive,10/15/2024,
410,Olivia_410,61,807.07,pending,1/12/2024,
411,Alice_411,65,221.59,active,1/24/2024,42.4
412,Carol_412,,993.16,active,8/29/2024,3.2
413,Niaj_413,29,769.36,pending,11/26/2024,96.4
414,Laura_414,75,385.18,inactive,7/11/2024,8
415,Sybil_415,26,654.61,inactive,3/1/2024,17.8
416,Sybil_416,43,530.67,pending,4/24/2024,83.5
417,Alice_417,80,301.57,pending,10/5/2024,42.4
418,Mallory_418,70,233.29,inactive,6/26/2024,15.5
419,Grace_419,77,874.96,active,1/17/2024,80.9
420,Niaj_420,57,766.46,active,5/3/2024,20.6
421,Dave_421,56,38.37,pending,12/10/2024,70.3
422,Bob_422,33,741.1,inactive,8/12/2024,23.4
423,Grace_423,66,863.55,active,3/12/2024,50.4
424,Judy_424,32,815.89,pending,10/21/2024,31.9
425,Victor_425,67,673.5,inactive,5/1/2024,30.2
426,Eve_426,60,523.12,inactive,6/2/2024,27.5
427,Sybil_427,78,593.12,pending,3/30/2024,62.6
428,Niaj_428,53,497.65,inactive,11/25/2024,67.1
429,Rupert_429,38,697.13,inactive,3/17/2024,30
430,Frank_430,66,539.7,active,4/25/2024,30.1
431,Eve_431,69,465.25,active,10/14/2024,41.3
432,Niaj_432,53,531.81,inactive,5/4/2024,25.5
433,Karl_433,59,83.6,inactive,7/8/2024,9.2
434,Grace_434,21,271.85,pending,11/5/2024,60.3
435,Carol_435,30,804.82,pending,12/9/2024,55.9
436,Peggy_436,31,869.26,inactive,6/4/2024,95.7
437,Alice_437,31,936.54,pending,3/1/2024,74.7
438,Peggy_438,76,246.14,pending,12/26/2024,20.5
439,Heidi_439,53,324.69,inactive,7/13/2024,46.6
440,Laura_440,37,264.99,pending,9/11/2024,46.6
441,Peggy_441,66,839.69,active,7/8/2024,31.3
442,Bob_442,54,863.9,pending,3/15/2024,1.6
443,Sybil_443,77,585.53,pending,8/1/2024,29.5
444,Grace_444,39,233.64,pending,5/5/2024,49.9
445,Karl_445,34,763.78,inactive,11/24/2024,74
446,Olivia_446,28,733.38,inactive,3/27/2024,14
447,Sybil_447,49,187.94,pending,11/24/2024,95.7
448,Rupert_448,20,839.03,active,12/8/2024,4.9
449,Alice_449,44,141.67,pending,4/28/2024,6.8
450,Eve_450,18,222.41,inactive,7/10/2024,6
451,Victor_451,76,485.3,inactive,1/9/2024,0.7
452,Sybil_452,44,16.78,pending,5/20/2024,53.6
453,Judy_453,19,504.2,pending,12/11/2024,43.1
454,Frank_454,24,917.54,pending,3/17/2024,24.1
455,Victor_455,51,255.9,inactive,5/16/2024,79.5
456,Carol_456,41,958.54,inactive,10/16/2024,24.3
457,Heidi_457,37,684.94,active,11/30/2024,99.2
458,Bob_458,23,407.85,inactive,10/9/2024,47.6
459,Alice_459,62,175.36,inactive,8/10/2024,64.5
460,Karl_460,54,976.47,active,9/27/2024,91.9
461,Heidi_461,31,900.87,pending,10/17/2024,47.6
462,Bob_462,77,78.9,inactive,10/5/2024,56.4
463,Bob_463,29,928.19,inactive,1/9/2024,96.1
464,Trent_464,27,752.74,pending,7/22/2024,92.9
465,Judy_465,28,565.57,pending,7/18/2024,67.7
466,Sybil_466,39,386.54,pending,3/12/2024,79
467,Carol_467,,745.98,inactive,1/28/2024,9.8
468,Heidi_468,71,80.56,pending,11/10/2024,95.5
469,Mallory_469,80,773.91,active,11/20/2024,27.3
470,Olivia_470,49,231.77,pending,7/11/2024,43.2
471,Trent_471,60,382.79,pending,5/31/2024,79.8
472,Carol_472,23,271.36,inactive,12/30/2024,78.4
473,Eve_473,65,392.28,inactive,2/24/2024,9.2
474,Judy_474,46,362.76,inactive,2/22/2024,13.3
475,Frank_475,45,451.15,pending,9/19/2024,40.8
476,Alice_476,23,356.79,active,11/1/2024,59.8
477,Karl_477,73,387.93,inactive,7/30/2024,38.8
478,Carol_478,64,900.73,active,10/19/2024,52.1
479,Mallory_479,28,143.01,inactive,5/17/2024,49.3
480,Carol_480,28,437.07,inactive,6/2/2024,48.4
481,Carol_481,41,255.19,active,11/16/2024,49.6
482,Victor_482,30,460.11,active,6/4/2024,0.7
483,Mallory_483,39,841.56,inactive,6/17/2024,44
484,Niaj_484,70,823.59,pending,10/31/2024,13.6
485,Karl_485,56,946.6,active,9/2/2024,31.4
486,Mallory_486,79,322.22,pending,12/21/2024,63.3
487,Trent_487,68,245.97,inactive,5/23/2024,81.6
488,Mallory_488,41,118.2,pending,4/12/2024,59.2
489,Sybil_489,29,682.62,pending,1/14/2024,95.3
490,Olivia_490,78,709.12,inactive,5/29/2024,83.1
491,Carol_491,70,847.7,inactive,12/10/2024,49.9
492,Judy_492,33,256.17,active,8/4/2024,78.9
493,Carol_493,46,989.76,inactive,10/25/2024,40.1
494,Rupert_494,77,919.87,pending,8/2/2024,54.4
495,Laura_495,62,895.13,pending,10/31/2024,63.8
496,Carol_496,24,769.34,pending,12/6/2024,35.5
497,Victor_497,20,564.84,pending,12/12/2024,64.7
498,Karl_498,79,796.45,active,1/6/2024,9.9
499,Heidi_499,50,747.37,pending,10/24/2024,68.8
500,Heidi_500,46,376.87,inactive,12/13/2024,58.9
